<?xml version="1.0" encoding="UTF-8"?>
<beans xmlns="http://www.springframework.org/schema/beans"
	xmlns:xsi="http://www.w3.org/2001/XMLSchema-instance"
	xsi:schemaLocation="http://www.springframework.org/schema/beans http://www.springframework.org/schema/beans/spring-beans.xsd">


	<bean id="character1"
		class="edu.wccnet.lkostesich.cps278_mp2_xml.Character">
		<property name="name" value="Mr.Game"></property>
		<property name="strength" value="9"></property>
		<property name="fightingPower" ref="rock"></property>
	</bean>
	<bean id="character2"
		class="edu.wccnet.lkostesich.cps278_mp2_xml.Character">
		<property name="name" value="Mario"></property>
		<property name="strength" value="5"></property>
		<property name="fightingPower" ref="punch"></property>
	</bean>
	<bean id="rock"
		class="edu.wccnet.lkostesich.cps278_mp2_xml.FightingMs">
	</bean>
	<bean id="punch"
		class="edu.wccnet.lkostesich.cps278_mp2_xml.Punch">
	</bean>
	<bean id="lava"
		class="edu.wccnet.lkostesich.cps278_mp2_xml.BattleGs">
	</bean>
	<bean id="castle"
		class="edu.wccnet.lkostesich.cps278_mp2_xml.BowsersCastle">
	</bean>
	<bean id="battle"
		class="edu.wccnet.lkostesich.cps278_mp2_xml.Battle">
	<property name="character1" ref="character1"></property>
	<property name="character2" ref="character2"></property>
	<property name="battleGround" ref="castle"></property>
	</bean>
</beans>
