<?xml version="1.0" encoding="UTF-8"?>
<hibernate-configuration>
<session-factory>
<!--  JDBC Database connection settings  -->
<property name="connection.driver_class">com.mysql.cj.jdbc.Driver</property>
<property name="connection.url">jdbc:mysql://localhost:3306/hb_student_tracker?useSSL=false</property>
<property name="connection.username">hbstudent</property>
<property name="connection.password">hbstudent</property>
<!--  JDBC connection pool settings ... using built-in test pool  -->
<property name="connection.pool_size">1</property>
<!--  Select our SQL dialect  -->
<property name="dialect">org.hibernate.dialect.MySQLDialect</property>
<!--  Echo the SQL to stdout  -->
<property name="show_sql">true</property>
<!--  Set the current session context  -->
<property name="current_session_context_class">thread</property>
</session-factory>
</hibernate-configuration>